timestamp_ms,disk_usage
0,1531904
5396,11608064
10741,23076864
16078,25538560
21462,36225024
26838,43384832
32211,65998848
37584,100790272
42940,147275776
48288,258723840
53628,506761216
58975,667291648
64314,819003392
69650,993705984
74996,1083035648
80334,1221525504
85686,1613504512
91021,1894305792
96366,2146775040
101706,2332172288
112417,2874134528
117761,3094769664
123104,3356434432
128455,3613741056
133808,3939680256
139167,4384321536
144529,4872441856
149916,5140385792
155251,5295431680
160613,5665996800
165949,6078078976
171308,6095597568
176662,6485721088
182071,6668759040
187457,6709272576
192818,6278717440
198168,6777954304
203549,7274385408
208916,6805078016
214284,8278274048
219667,8077631488
225010,8479739904
230368,9152069632
235761,9437904896
241124,10466553856
246485,11475902464
251869,10924040192
257262,11601403904
262654,12467527680
268014,11868266496
273369,11937841152
278746,12493697024
284126,12995743744
289516,12575416320
294908,12916695040
300295,13677649920
305696,13511532544
311157,13183963136
316611,13825183744
322079,13843513344
327522,13575819264
332981,14422331392
338493,14697369600
343941,15068672000
349389,16588029952
354881,17312342016
360417,17150730240
365873,17032302592
371355,18023522304
376838,16979988480
382294,17501802496
387740,17596768256
393230,18314436608
398732,18505895936
404206,18057912320
409658,18544685056
415172,18747023360
420629,18570280960
426114,18792824832
431631,19446976512
437065,21320347648
442568,22399086592
448053,21852442624
453507,21710393344
459057,22094188544
464524,22473777152
470011,22064668672
475463,22476378112
480975,22813192192
486493,23441686528
492010,23520473088
497541,23832338432
503018,23369785344
508556,23455617024
514012,24285237248
519514,24860864512
525070,25397657600
530542,25715810304
536006,24486146048
541537,24836825088
547038,24950587392
552478,25426919424
557942,27870863360
563384,28446949376
568901,28625887232
574380,29255671808
579911,28996878336
585412,29325512704
590923,29755502592
596505,31194746880
601923,31253032960
607446,30863380480
613039,31448662016
618508,32013692928
624025,32305197056
629517,32476565504
635003,33049026560
645990,33188691968
651477,32790417408
656959,33664692224
662416,33646272512
667895,33548648448
673377,33651568640
678812,33758584832
684311,34321448960
689778,34526126080
695243,34347569152
700723,34169028608
706184,35014995968
711696,35891138560
717170,36720640000
722636,36504682496
728058,35902017536
733580,36497563648
739074,36353089536
744502,36223131648
749994,36022919168
755465,36950261760
760989,37507395584
766424,37649604608
771852,37627236352
777331,42015395840
782816,42002132992
788261,41528594432
793774,42332413952
799214,42178727936
804704,42638073856
810150,42647121920
815620,42646532096
821102,42137178112
826589,42690777088
832054,43816742912
837530,43559964672
842980,43795025920
848498,44080779264
853972,44654092288
859412,44471037952
864837,43941015552
870286,44884434944
875773,45312913408
881238,45337333760
886670,45153935360
892153,44906524672
897605,45907689472
903082,45534339072
908542,46335770624
914049,46273134592
919495,45679611904
924925,45585301504
930348,46045216768
935790,46917328896
941345,48046088192
946917,47740428288
952323,47883354112
957783,48114053120
963190,48046645248
968720,47965556736
974161,47965057024
979632,48792555520
985105,49096679424
990555,49124622336
996032,49299259392
1001493,49143132160
1006943,49940729856
1012395,49978667008
1017889,49877086208
1023353,50061459456
1028849,50443153408
1034287,49520242688
1039764,50004324352
1045226,49630457856
1050696,49185177600
1056151,49805422592
1061619,49724022784
1067022,49724022784
1072447,56301199360
1077900,56401358848
1083303,56741445632
1088762,57003515904
1094251,56865570816
1099717,56739807232
1105184,57230757888
1110630,57253081088
1116063,57579511808
1121562,58023837696
1127006,57754370048
1132462,62185193472
1137901,62185193472
1143342,63071150080
1148777,63338418176
1154261,63402938368
1159689,63846563840
1165168,63242014720
1170621,63799083008
1176122,64229629952
1181602,63871447040
1187124,64280350720
1192597,63557713920
1198040,64041787392
1203497,64590409728
1208969,64773271552
1214509,65307181056
1220041,65706749952
1225484,65303711744
1230985,65607057408
1236465,65496764416
1241923,66679791616
1247350,67279921152
1252821,67152015360
1258291,67366428672
1263785,67413438464
1269285,67836559360
1274795,67745849344
1280304,68228296704
1285736,68791910400
1291254,68524531712
1296706,67901595648
1302175,68051529728
1307674,68564275200
1313119,68848680960
1318603,69271044096
1324083,69139795968
1329555,69483184128
1335049,69847588864
1340505,70395891712
1346052,70554025984
1351535,71201992704
1356996,69665808384
1362453,70499577856
1367924,70558105600
1373407,71175434240
1378933,71550849024
1384444,72505204736
1389942,71566061568
1395407,71257624576
1400837,71577907200
1406300,72254758912
1411783,72424886272
1417267,73351671808
1422736,72585490432
1428215,73663471616
1433686,73840652288
1439133,72656297984
1450053,73249873920
1455468,73429090304
1460936,73429090304
1466377,73429090304
1471802,82204000256
1477236,82204000256
1482683,82204000256
1488147,83010703360
1493592,83247607808
1499038,83472273408
1504537,83846729728
1509964,82430922752
1515457,82473832448
1520876,82936168448
1526297,82969206784
1531762,84300914688
1537240,84001107968
1542743,84583657472
1548237,84471345152
1553669,84785008640
1559185,84132941824
1564621,83935039488
1570065,84371816448
1575514,84639481856
1580967,85303717888
1586423,85421838336
1591888,85848219648
1597350,86700056576
1602825,87188287488
1608319,86664466432
1613776,86553722880
1619270,87100432384
1624745,86312120320
1630171,87187873792
1635639,87037362176
1641093,88042348544
1646573,87726878720
1652054,88083361792
1657517,87969783808
1662910,88416415744
1668349,88731541504
1673795,88395517952
1679247,88577331200
1684687,88554139648
1690157,89219178496
1695565,89424470016
1701015,88034742272
1706495,88026013696
1711961,88171372544
1717405,88413966336
1722878,88809680896
1728347,89451724800
1733869,90148728832
1739363,89181806592
1744808,89395224576
1750286,89364504576
1755743,90188840960
1761204,90621235200
1766737,89738633216
1772187,89668263936
1777626,89813127168
1783111,90367397888
1788598,90827034624
1794096,91854262272
1799512,90604511232
1804940,91118526464
1810402,90789732352
1815805,91367317504
1821254,91531485184
1826818,92394864640
1832258,92101349376
1837681,92101349376
1843166,91447353344
1848583,90883538944
1854011,91357270016
1859465,91808423936
1864959,91844603904
1870392,92453449728
1875863,92853374976
1881324,92398878720
1886798,92093628416
1892278,92809048064
1897718,92735934464
1903138,92459495424
1908558,92907708416
1914082,93081657344
1919587,93081657344
1925003,93081657344
1930409,93194280960
1935810,93203656704
1941278,93559267328
1946716,93403271168
1952153,93354065920
1957621,93288075264
1963068,93526413312
1968540,93754302464
1974042,94727843840
1979478,94341181440
1984932,94593888256
1990323,94232076288
1995804,94639808512
2001215,94827429888
2006662,94284009472
2012108,94943690752
2017592,95179431936
2023050,95815753728
2028527,95233519616
2034038,95200739328
2039455,95284117504
2044931,95644397568
2050350,95304011776
2055859,96412266496
2061342,96518877184
2066788,96768118784
2072263,96912732160
2077702,97472217088
2083157,97030447104
2088588,97340628992
2094021,96980828160
2099452,97114099712
2104905,97666367488
2110354,97964589056
2115766,98928959488
2121236,98945581056
2126740,97417453568
2132185,97483300864
2137624,98243305472
2143042,97736306688
2148435,98321342464
2153908,98862821376
2159345,99324420096
2164814,98957053952
2170288,99260657664
2175717,99242172416
2181141,100054581248
2186615,99789352960
2192043,99222355968
2197459,98903244800
2202921,99691421696
2208402,99826192384
2213824,100504924160
2219279,100926881792
2224750,101850611712
2230210,102540886016
2235662,100723765248
2241066,100391272448
2246513,101840052224
2251975,101389180928
2257454,102082596864
2262924,101791289344
2268351,102809370624
2273807,103293673472
2279226,103138070528
2284693,103197913088
2290236,102918561792
2295645,101599571968
2301094,101770604544
2306523,101956689920
2311961,102013992960
2317421,103005667328
2322847,103087898624
2328304,103364456448
2333762,103548305408
2339202,104759726080
2344646,109943033856
2350071,109943033856
2355462,109943033856
2360858,116128583680
2366271,116128583680
2371703,116128583680
2377163,116820963328
2382611,116190650368
2388063,116190650368
2393586,116763582464
2399044,116816744448
2404487,117522984960
2409944,117380923392
2415396,117557952512
2420887,117439045632
2426356,117081149440
2431796,117083615232
2437351,118006820864
2442821,117901180928
2448277,118168006656
2453742,118019006464
2459158,118329708544
2464677,118876016640
2470144,119465205760
2475628,119550361600
2481158,119480958976
2486634,119258927104
2492077,120195338240
2497593,119403393024
2503012,119402856448
2508452,119732428800
2513936,119774011392
2519387,120050548736
2524846,121059233792
2530299,120634404864
2535822,121249030144
2541325,120522686464
2546765,120112619520
2552207,121106608128
2557673,121029677056
2563123,120967028736
2568588,120858275840
2573981,120858275840
2579389,121642344448
2584857,121654259712
2590371,122181120000
2595809,122309984256
2601274,121642131456
2606892,122384125952
2612352,122011406336
2617728,122011406336
2623189,121770254336
2628652,122269016064
2634101,122333175808
2639573,122895138816
2645007,122830696448
2650442,123625418752
2655888,122465402880
2661321,122767872000
2666789,123027529728
2672247,122869497856
2677759,123217047552
2683245,123696246784
2688714,124068372480
2694179,123749666816
2699638,124022099968
2705125,124420481024
2710525,123934326784
2716010,124913340416
2721406,124690710528
2726847,125373337600
2732327,125585620992
2737820,126312189952
2743282,125998739456
2748727,126167306240
2754193,124579254272
2759646,125080551424
2765094,125324722176
2770534,125325647872
2776018,126703706112
2781466,126451445760
2786934,127012462592
2792389,126945894400
2797803,126466183168
2803278,126577811456
2808708,126315036672
2814122,126960537600
2819747,127099621376
2825239,126985584640
2830636,128133513216
2836097,128133513216
2841502,135704084480
2846870,135704084480
2852291,135704084480
2857711,135704084480
2863149,135457001472
2868575,135650160640
2874019,135650160640
2879445,135900966912
2884874,135669002240
2890285,136237674496
2895780,136288694272
2901173,136167755776
2906599,137130840064
2912034,136655216640
2917426,136655216640
2922908,137729634304
2928370,137400377344
2933896,137636446208
2939316,137532100608
2944770,137504497664
2950247,137220440064
2955654,137220440064
2961136,137652781056
2966610,138152124416
2972074,139143876608
2977545,139667353600
2982963,139853983744
2988391,140238725120
2993835,139250094080
2999328,139695251456
3004810,139186302976
3010232,139372097536
3015708,140033495040
3021157,139697373184
3026597,139798859776
3032050,139942592512
3037510,139762573312
3042985,139751006208
3048453,140090970112
3053941,140542291968
3059454,140715098112
3064903,140487540736
3070411,141055250432
3075861,141502468096
3081297,141170044928
3086732,142406541312
3092218,142183026688
3097629,142183026688
3103089,142447198208
3108554,142179188736
3113963,142179188736
3119423,141441359872
3124815,141305458688
3130306,141778141184
3135734,141502279680
3141156,141515124736
3146660,142411120640
3152129,142477484032
3157555,143380119552
3163047,143185330176
3168439,143185330176
3173893,143239122944
3179363,142926036992
3184780,142926954496
3190282,144085364736
3195777,144102629376
3201156,144027668480
3206610,144095559680
3212018,144177516544
3217438,144177516544
3222897,144322871296
3228366,144178540544
3233756,144178540544
3239180,145083080704
3244658,144245559296
3250085,144245559296
3255533,145391706112
3260976,145025138688
3266402,144839577600
3271878,146038026240
3277370,145859072000
3282835,146193674240
3288258,146655117312
3293837,145934725120
3299240,148256960512
3304723,151470141440
3310229,151470141440
3315844,151470141440
3321369,151470141440
3326752,151470141440
3332144,151470141440
3337628,163232083968
3343028,163232083968
3348458,163232083968
3353879,163232083968
3359313,162798895104
3364719,162437103616
3370130,162437103616
3375591,163120168960
3381020,162890108928
3386438,162890108928
3391872,163745177600
3397336,164057833472
3402828,164723666944
3408290,165266919424
3413741,164938207232
3419161,164508782592
3424661,165112795136
3430134,165070376960
3435573,164505870336
3441075,165125373952
3446571,165632147456
3452022,165330550784
3457448,165261320192
3462932,165346201600
3468394,165694144512
3473804,165582356480
3479265,166616096768
3484757,166901334016
3490241,166238552064
3495713,165833969664
3501187,165490720768
3506652,165490720768
3512099,165417029632
3517580,165561090048
3523008,165561090048
3528479,166402535424
3533965,166929276928
3539374,167110832128
3544827,168040161280
3550355,168957243392
3555770,167979094016
3561246,168253464576
3566728,167290474496
3572167,166863159296
3577651,167332241408
3583083,167418122240
3588532,167472123904
3594040,168444108800
3599484,168302395392
3604880,168377307136
3610443,169428107264
3615928,169365975040
3621379,169430544384
3626896,170596335616
3632371,169921953792
3637822,169348534272
3643377,169865404416
3648826,169199226880
3654219,169199226880
3659652,169004941312
3665085,169337073664
3670520,169393414144
3676041,170458607616
3681452,170241732608
3686905,170241732608
3692375,171283529728
3697873,172144578560
3703356,171123281920
3708762,171127701504
3714300,172276645888
3719749,170839244800
3725237,170839244800
3730705,170757906432
3736146,170768977920
3741535,170768977920
3746993,171395194880
3752457,171757039616
3757902,171718316032
3763316,171718316032
3768773,171398950912
3774216,171241345024
3779667,171241345024
3785129,172168286208
3790633,171172311040
3796030,171172311040
3801458,171223252992
3806901,171761614848
3812338,171761614848
3817805,172158930944
3823288,173040762880
3828771,173157560320
3834255,173044793344
3839706,173836709888
3845243,174588350464
3850742,173715468288
3856159,173715468288
3861642,173816516608
3867139,173516062720
3872534,173516062720
3877976,173516062720
3883460,173506740224
3888968,173273718784
3894365,173273718784
3899783,173311594496
3905386,173470666752
3910854,173655498752
3916243,173655498752
3921688,173964853248
3927167,174496653312
3932632,174737297408
3938084,175071272960
3943601,174988066816
3949071,175576711168
3954528,175600525312
3960021,176269357056
3965514,175260811264
3970968,175391576064
3976388,175503585280
3981918,176818561024
3987416,176798191616
3992864,176456863744
3998308,177021677568
4003903,176293625856
4009298,175838486528
4014804,175838486528
4020222,176023412736
4025632,176023412736
4031039,176023412736
4036461,176023412736
4041943,176709799936
4047434,176492380160
4052847,176318140416
4058231,176318140416
4069166,176515301376
4074606,176235483136
4080036,176235483136
4085473,176948113408
4090919,176865689600
4096374,177799864320
4101811,177865551872
4107300,178299191296
4112874,177455108096
4118457,176869855232
4124018,176869855232
4129515,177045852160
4134976,177045852160
4140389,177045852160
4145808,177045852160
4151271,177883181056
4156754,177951703040
4162212,177986256896
4167674,178327052288
4173149,179475394560
4178616,179248271360
4184073,178548371456
4189506,178548371456
4195029,178856087552
4200517,178124214272
4205955,178260795392
4211384,178279768064
4217015,179414372352
4222455,178999021568
4227874,178999021568
4233324,178999021568
4238814,179754106880
4244234,179341516800
4249680,179341516800
4255161,179739160576
4260675,180651413504
4266135,180340670464
4271529,180340670464
4277021,181422931968
4282519,182061772800
4287985,180691931136
4293349,180691931136
4298802,180619325440
4304285,180755107840
4309770,180430901248
4315187,180430901248
4320627,180877287424
4326079,180409405440
4331470,180409405440
4336889,180987265024
4342380,180712456192
4347804,181060108288
4353250,181094854656
4358704,181783031808
4364174,182277312512
4369666,181918588928
4375115,181488070656
4380613,181100814336
4386012,181100814336
4391482,181765029888
4396967,182235586560
4402459,182632448000
4407882,182632448000
4413394,182481395712
4418845,181940731904
4424320,181940731904
4429761,181940731904
4435268,189631250432
4440702,190723915776
4446114,190723915776
4451500,190723915776
4456943,190723915776
4462429,191301169152
4467895,192213028864
4473386,192379850752
4478826,192130535424
4484279,192180391936
4489779,192415428608
4495194,191854624768
4500639,192384434176
4506065,191718707200
4511479,191881449472
4516966,192546181120
4522389,192114425856
4527801,192114425856
4533306,193047019520
4538837,192908877824
4544269,192769380352
4549711,192339431424
4555152,192605224960
4560544,192605224960
4565985,193432846336
4571473,194394132480
4576915,193938968576
4582367,194181238784
4587860,193791803392
4593304,193532829696
4598758,194108563456
4604268,194994552832
4609721,194867728384
4615168,194698452992
4620628,194052235264
4626085,193584709632
4631496,193584709632
4636969,194543919104
4642433,194597216256
4647868,194373369856
4653360,194781011968
4658819,195004850176
4664225,195004850176
4669691,195474911232
4675198,196007854080
4680619,195723022336
4686081,196016140288
4691517,195581874176
4696926,195581874176
4702377,196385333248
4707918,196476186624
4713378,196309266432
4718856,196729630720
4724286,195842789376
4729686,195842789376
4735153,196171640832
4740609,196596006912
4746106,197761363968
4751625,197564968960
4757113,197505425408
4762568,196244094976
4767984,196244094976
4773481,197004705792
4778943,197260218368
4784424,197256183808
4789885,197169135616
4795342,197387677696
4800776,197387677696
4806235,197565374464
4811738,198864175104
4817195,198431592448
4822645,198431592448
4828149,198519054336
4833639,198700421120
4839046,198700421120
4844537,199225577472
4850029,199044943872
4855470,198772805632
4860955,199419584512
4866415,199311347712
4871867,199311347712
4877342,199983464448
4882849,199716515840
4888326,199641944064
4893853,200122208256
4899317,199541420032
4904765,199572361216
4910320,200750796800
4915789,201342996480
4921242,201121292288
4926691,202240798720
4932171,200848850944
4937552,200848850944
4943020,202013233152
4948461,202298187776
4953951,201991168000
4959410,201272590336
4964891,200949768192
4970339,200949768192
4975804,201930416128
4981295,201494896640
4986738,201275617280
4992201,201883238400
4997663,201267310592
5003080,201267310592
5008514,201447206912
5013988,201812230144
5019446,201937862656
5024878,201937862656
5030280,201937862656
5035739,202807943168
5041229,202166079488
5046637,202198073344
5052131,203117273088
5057660,203747643392
5063092,203035627520
5068527,203978027008
5074028,203093716992
5079454,203093716992
5084934,203776327680
5090428,204002160640
5095944,203577864192
5101411,203783077888
5106911,203480457216
5112394,203859951616
5117882,204631699456
5123368,204932100096
5128857,204480446464
5134345,205038714880
5139788,203888906240
5145195,203888906240
5150666,204757614592
5156183,204969959424
5161656,205698301952
5167125,206466375680
5172626,206537773056
5178086,205378654208
5183555,205820968960
5189011,206549540864
5194523,206441680896
5200009,206438322176
5205485,206017437696
5210908,205983432704
5216392,206197440512
5221970,206324789248
5227439,206655533056
5232865,206655533056
5238326,206655533056
5243775,206352556032
5249251,206039928832
5254655,206039928832
5260148,207146860544
5265653,207468912640
5271161,207474376704
5276630,207480795136
5282132,207027957760
5287563,207174086656
5293009,207174086656
5298504,208023687168
5304005,208331026432
5309469,208144191488
5314939,209074774016
5320420,208574726144
5325870,208309977088
5331352,208858746880
5336826,209146458112
5342252,208493309952
5347685,208996139008
5353218,209346338816
5358629,209151864832
5364096,209145311232
5369582,208807067648
5375012,208630960128
5380448,208630960128
5385857,208630960128
5391315,209730600960
5396796,208809795584
5402312,209182965760
5407781,210174382080
5413261,209727746048
5418765,210227515392
5424200,210785234944
5429628,210119360512
5435079,210119360512
5440537,210930642944
5445967,211464679424
5451470,211891888128
5456994,212133449728
5462492,211211649024
5467898,210671562752
5473362,211430707200
5478834,211996135424
5484250,212024270848
5489741,212862214144
5495271,211488489472
5500741,211488489472
5506184,212267343872
5511674,212430204928
5517191,211815444480
5522670,212399337472
5528150,212287586304
5533598,212182044672
5539057,212911960064
5544544,213064749056
5549998,212621389824
5555424,212829716480
5560884,212796567552
5566307,212796567552
5571751,213491924992
5577250,213220597760
5582708,213048270848
5588157,213877612544
5593640,213733482496
5599109,213664022528
5604539,214353133568
5610046,214625112064
5615542,214292750336
5621019,213805293568
5626420,213594980352
5631827,213594980352
5637302,213594980352
5642881,219552808960
5648290,219556233216
5653711,219556233216
5659111,219556233216
5664629,219556233216
5670064,219556233216
5675600,227852058624
5681002,228747804672
5686425,230907035648
5691835,230907035648
5697274,230907035648
5702643,230907035648
5708073,231592157184
5713561,231964237824
5719038,232148099072
5724439,232382681088
5729862,232382681088
5735338,232706469888
5740819,231935717376
5746249,231450800128
5751665,231450800128
5757105,231450800128
5762652,232310870016
5768186,232620802048
5773667,232683991040
5779154,232683991040
5784607,232379170816
5790020,232283049984
5795427,232283049984
5800896,233187094528
5806409,232556355584
5811909,232532275200
5817344,232875900928
5822810,233753935872
5828287,233072115712
5833757,233317285888
5839174,233317285888
5844616,233317285888
5850127,233798098944
5855677,233781891072
5861115,233436164096
5866619,233642926080
5872053,233721135104
5877615,234434977792
5883072,234384777216
5888525,234384777216
5893967,235060518912
5899454,235813724160
5904950,234821165056
5910400,235062673408
5915857,235062673408
5921362,234793369600
5926805,234349260800
5932237,234349260800
5937735,235149733888
5943278,234816143360
5948754,234939858944
5954203,234939858944
5959689,234888945664
5965133,234828636160
5970585,234828636160
5976055,235889967104
5981553,235651215360
5987026,235437518848
5992472,236109123584
5997923,236062969856
6003342,235918962688
6008775,236257013760
6014208,236445278208
6019674,237037686784
6025177,238145007616
6030663,236347457536
6036118,236347457536
6041603,237016670208
6047086,237159124992
6052545,237159124992
6057985,237791322112
6063479,237191696384
6068934,237003919360
6074425,237675442176
6079910,237393854464
6085377,236903284736
6090806,237094010880
6096341,237567807488
6101770,237477482496
6107219,237642960896
6112730,238448513024
6118241,238194466816
6123686,238194466816
6134668,239519211520
6140124,239779856384
6145593,239540539392
6151080,239733010432
6156576,238720745472
6162053,238720745472
6167520,239888420864
6172970,239191515136
6178395,238989344768
6183875,239183917056
6189310,240535740416
6194824,239995703296
6200257,239995703296
6205767,240698662912
6211260,239676710912
6216696,239839961088
6222140,240002539520
6227572,240499666944
6233022,239897948160
6238509,239897948160
6243977,240929685504
6249445,241113743360
6254924,241159680000
6260345,241159680000
6265804,242021265408
6271275,241840709632
6276761,241840709632
6282232,241886420992
6287727,242577006592
6293212,242494083072
6298692,242495758336
6304184,243342479360
6309685,241511051264
6315161,241511051264
6320627,242363613184
6326159,242780049408
6331623,242802671616
6337061,242802671616
6342562,243673493504
6348047,243117715456
6353492,243117715456
6358968,244121825280
6364469,244387876864
6369933,243922436096
6375460,244394184704
6380900,243565518848
6386421,243498881024
6391885,243498881024
6397383,244144410624
6402841,244394639360
6408285,244344160256
6413763,244437549056
6419266,245279461376
6424775,246069272576
6430222,246068862976
6435654,245753950208
6441218,246582505472
6446689,245632380928
6452147,245632380928
6457640,246633799680
6463113,246010621952
6468587,245693399040
6474079,245720387584
6479639,246746632192
6485134,246646837248
6490575,246646837248
6496038,247018364928
6501480,246999302144
6506972,247030464512
6512429,247030464512
6517941,247321739264
6523438,248027471872
6528891,247636602880
6534305,247637245952
6539896,246515126272
6545392,246858514432
6550892,246947880960
6556405,247984513024
6561891,248950095872
6567408,249295417344
6572886,249210716160
6578365,249700503552
6583894,248710377472
6589329,248710377472
6594776,248732614656
6600355,249283354624
6605835,249388675072
6611308,249122803712
6616799,249754329088
6622261,249520058368
6627757,248724926464
6633200,248724926464
6638683,249512591360
6644203,249262428160
6649629,249262428160
6655119,250046836736
6660597,250510589952
6666041,250192330752
6671466,250192330752
6676948,251317604352
6682448,250891939840
6687926,250947600384
6693391,250950242304
6698991,251478089728
6704502,252493565952
6710009,252326711296
6715447,252787306496
6720965,253160546304
6726470,253295583232
6731964,253074685952
6737465,253069668352
6742952,252706156544
6748407,252386136064
6753820,252386136064
6759236,252386639872
6764793,253754470400
6770315,254248857600
6775802,253826068480
6781249,253774733312
6786675,253774733312
6792149,253916860416
6797614,254111973376
6803150,253105160192
6808638,253135224832
6814074,253135224832
6819525,253432111104
6825026,253532241920
6830545,253559926784
6835985,253559926784
6841455,253559926784
6846888,253578895360
6852483,254547120128
6858004,253830148096
6863484,253620744192
6868900,253620744192
6874400,254251442176
6879896,254188068864
6885398,254073757696
6890823,254073757696
6896236,254073757696
6901670,254282981376
6907153,254908764160
6912700,255377346560
6918175,255536259072
6923644,255993839616
6929145,256489005056
6934617,256266522624
6940057,256318795776
6945495,256318795776
6951002,256509509632
6956473,255576436736
6961907,255576436736
6967361,255629529088
6972965,256547610624
6978434,257277878272
6983900,256898007040
6989367,256898007040
6994837,257556639744
7000364,256181063680
7005944,256181063680
7011411,256181063680
7016895,256181063680
7022359,257180954624
7027840,257654706176
7033329,257490640896
7038752,257490640896
7044194,257491779584
7049794,258509922304
7055256,257711378432
7060744,257711378432
7066197,257831301120
7071732,258489839616
7077231,258451877888
7082689,258451877888
7088197,259152732160
7093701,258281566208
7099167,259061755904
7104621,259272069120
7110086,259932430336
7115559,260881235968
7121034,260131192832
7126555,260396552192
7131982,260396552192
7137430,260479213568
7142992,260653981696
7148566,260323766272
7154023,260024856576
7159498,260024856576
7164998,261026738176
7170478,261597245440
7175967,261439344640
7181433,261110353920
7186874,261110353920
7192379,260168142848
7197841,259737939968
7203294,259737939968
7208761,259737939968
7214208,259737939968
7219726,260706193408
7225215,261492801536
7230655,261171826688
7236084,261171826688
7241594,262038310912
7247049,262234193920
7252541,262086823936
7257962,262086823936
7263397,262086823936
7268917,262397759488
7274422,262792265728
7279956,263291408384
7285382,262403166208
7290809,262403166208
7296263,262939242496
7301708,261220417536
7307101,261220417536
7312549,261220417536
7317989,261220417536
7323509,262093668352
7329018,263002497024
7334514,263520120832
7339940,263691436032
7345388,263691436032
7350857,263691436032
7356359,264390696960
7361831,263986692096
7367288,263656304640
7372717,263656304640
7378181,263656304640
7383667,264011612160
7389177,263970050048
7394666,263668150272
7400085,263668150272
7405470,263668150272
7410858,263668150272
7416305,264381792256
7421802,263801966592
7427327,263001501696
7432881,263001501696
7438295,263001501696
7443714,263001501696
7449242,264145526784
7454734,264364773376
7460269,264493252608
7465711,264493252608
7471179,264493252608
7476698,265205301248
7482188,264760991744
7487659,264592699392
7493073,264400584704
7498498,264400584704
7503960,264544493568
7509532,265937891328
7515060,265862660096
7520542,265527259136
7526001,265527259136
7531491,264268951552
7536970,263959625728
7542445,264150032384
7547908,264150032384
7553424,264959762432
7558968,265584435200
7564463,265584435200
7569931,265755815936
7575482,266624700416
7580996,266763386880
7586470,267073146880
7591905,267073146880
7597376,268278304768
7602880,268012748800
7608370,267389968384
7613814,267389968384
7619294,268086099968
7624832,267047403520
7630283,266850623488
7635755,266947837952
7641182,266947837952
7646670,267829698560
7652181,267945426944
7657718,268337958912
7663163,268337958912
7668639,268970901504
7674092,268902060032
7679570,268940300288
7685013,268863021056
7690468,269206732800
7696044,270296846336
7701546,270169858048
7707051,269842866176
7712481,269842866176
7717999,270181765120
7723479,269096255488
7728960,268726276096
7734409,268726276096
7739879,269873991680
7745375,270038671360
7750861,270009176064
7756339,270039027712
7761775,270089560064
7767352,270591770624
7772841,271141015552
7778324,270960787456
7783824,270960787456
7789249,270960787456
7794783,271829159936
7800276,272297684992
7805740,271251505152
7811197,271082455040
7816687,271082455040
7822139,271082455040
7827630,271115497472
7833126,270275055616
7838553,270275055616
7843982,270275055616
7849367,270275055616
7854833,270227116032
7860346,271554723840
7865897,271945347072
7871332,271916060672
7876820,271916060672
7882255,271916060672
7887719,271916060672
7893230,272787701760
7898686,272820416512
7904131,272824111104
7909569,272824111104
7914978,272824111104
7920453,272824111104
7925930,273364979712
7931418,273645719552
7936959,273474686976
7942418,273549475840
7947831,273549475840
7953282,273549475840
7958758,273549475840
7964283,274292813824
7969829,272184721408
7975312,272658190336
7980788,273088823296
7986236,273088823296
7991661,273088823296
7997080,273088823296
8002579,274337284096
8008088,273920356352
8013564,273732411392
8018987,273732411392
8024388,273732411392
8029845,273732411392
8035290,273732411392
8040761,274414223360
8046247,273868500992
8051675,274430554112
8057133,274183012352
8062552,274183012352
8068041,274904690688
8073566,275617079296
8079014,274384142336
8084509,274384142336
8089999,274384142336
8095526,275253395456
8101030,274301775872
8106500,274263814144
8111938,274263814144
8117393,274263814144
8122902,274976002048
8128366,274843295744
8133921,274994515968
8139341,278181756928
8144859,280072486912
8150332,280072486912
8155759,280490229760
8161199,280490229760
8166683,285900619776
8172217,285900619776
8177758,286762500096
8183229,286762500096
8188677,286762500096
8194146,293486526464
8199888,293872402432
8205412,294988660736
8210931,294988660736
8216530,294988660736
8222068,294988660736
8227657,303573565440
8233146,303573565440
8238586,303896133632
8244149,303896133632
8249727,309576286208
8255337,309576286208
8260894,309576286208
8266343,309576286208
8271805,309576286208
8277296,309576286208
8282786,309576286208
8288261,309576286208
8293740,309577220096
8299376,310381174784
8304898,309680685056
8310386,309680685056
8315913,309680685056
8321379,309680685056
8326868,309680685056
8332391,310337613824
8337896,310427504640
8343414,309897502720
8348873,309897502720
8354360,309897502720
8359827,309897502720
8365289,309897502720
8370815,310898151424
8376356,310861377536
8381910,311248334848
8387557,311604527104
8393018,311604527104
8398504,311604527104
8404007,311604527104
8409533,311885631488
8415096,312142737408
8420595,312138629120
8426108,312138629120
8431628,312138629120
8437120,312138629120
8448175,312714072064
8453629,313111756800
8459119,313023664128
8464710,313023664128
8470217,313023664128
8475752,313998086144
8481295,313831030784
8486823,312760246272
8492335,312760246272
8497806,312760246272
8503300,312265601024
8508828,312374337536
8514334,312374337536
8519825,312374337536
8525292,312374337536
8530780,313145479168
8536320,313470709760
8541884,312979369984
8547508,312979369984
8553125,312979369984
8558571,312979369984
8564064,312979369984
8569539,312979369984
8575089,312848470016
8580578,313516855296
8586120,313204039680
8591575,313204039680
8597027,313204039680
8602563,313204039680
8607998,313204039680
8613488,313204039680
8619022,314438004736
8624510,314615963648
8630021,313894641664
8635504,313894641664
8640981,313894641664
8646468,313894641664
8651938,313949978624
8657563,314022277120
8663295,313813213184
8668849,313813213184
8674342,313813213184
8679798,313813213184
8685272,313813213184
8690745,313813213184
8696215,313813213184
8701827,315048153088
8707389,315640987648
8712949,315028115456
8718453,315078004736
8723949,315078004736
8729460,315078004736
8735004,315176804352
8740526,315015016448
8746200,315072184320
8751823,315072184320
8757342,315072184320
8762778,315072184320
8768265,315072184320
8773756,315072184320
8779277,315072184320
8784760,315230982144
8790351,316391182336
8795886,316351971328
8801390,315870760960
8806855,315870760960
8812360,315870760960
8817853,315873435648
8823473,317455937536
8829029,317094486016
8834622,317360803840
8840119,317071110144
8845604,317071110144
8851097,317071110144
8856532,317071110144
8862242,318188589056
8867885,318320336896
8873618,317046976512
8879225,316896976896
8884684,316896976896
8890159,316896976896
8895669,316896976896
8901135,316896976896
8906580,316896976896
8912082,317099937792
8917540,317441572864
8923018,317367615488
8928500,317367615488
8933988,317367615488
8939439,317367615488
8944888,317367615488
8950354,317367615488
8955893,318436364288
8961416,319117123584
8966951,319615983616
8972528,319109738496
8978015,318785871872
8983513,318785871872
8989002,318785871872
8994453,319442993152
9000007,318942982144
9005569,317748600832
9011052,317748600832
9016517,317748600832
9021971,317748600832
9027495,317748600832
9032971,317748600832
9038502,318827552768
9044036,318422876160
9049571,318704566272
9054995,318704566272
9060450,318704566272
9065887,318704566272
9071389,318704566272
9076899,318704566272
9082397,319014629376
9087946,319571652608
9093464,318773657600
9098920,318773657600
9104377,318773657600
9109814,318773657600
9115271,318773657600
9120768,318773657600
9126210,318773657600
9131672,318773657600
9137208,319597834240
9142750,318816382976
9148242,318486777856
9153703,318486777856
9159170,318486777856
9164679,318486777856
9170204,318486777856
9175719,318487261184
9181374,318327508992
9186927,318532612096
9192416,318718214144
9197894,318844579840
9203364,318844579840
9208845,318844579840
9214293,318844579840
9219750,318844579840
9225272,319544168448
9230840,319891795968
9236390,319352573952
9241891,319403110400
9247411,319403110400
9252879,319403110400
9258379,319403110400
9263896,319581761536
9269470,319308316672
9274988,319675805696
9280437,320011157504
9285923,319849664512
9291387,319849664512
9296932,320662716416
9308106,319998861312
9313594,319998861312
9319070,319998861312
9324524,319998861312
9330003,319998861312
9335477,319998861312
9340922,319998861312
9346460,320064368640
9351966,319676076032
9357402,319342936064
9362894,319342936064
9368346,319342936064
9373883,319881003008
9379391,319772938240
9384957,320191217664
9390478,320741916672
9395993,321070641152
9401511,321070641152
9406995,320962289664
9412489,320424804352
9418004,320844607488
9423468,320844607488
9428972,320844607488
9434482,321361948672
9440027,321580875776
9445608,321555791872
9451098,321314648064
9456549,321314648064
9462089,322141564928
9467616,321654210560
9473149,321929564160
9478639,322022072320
9484097,322243190784
9489638,322811457536
9495266,323692093440
9500813,323787739136
9506284,322941665280
9511763,322941665280
9517227,322941665280
9522733,323177254912
9528273,322084962304
9533766,322097127424
9539248,322097127424
9544732,322097127424
9550307,322975584256
9555832,323271536640
9561350,323245895680
9566853,323245895680
9572338,323245895680
9577825,323245895680
9583272,323303772160
9588896,323558285312
9594536,323555532800
9600021,323221729280
9605494,323221729280
9610981,323221729280
9616452,323221729280
9621928,323221729280
9627447,324168433664
9632991,323036766208
9638508,323450306560
9643979,323649802240
9649480,323649802240
9654954,323649802240
9660454,323649802240
9665965,323895963648
9671466,323844640768
9676963,323983253504
9682433,323983253504
9687892,323983253504
9693334,323983253504
9698863,324483874816
9704386,324385603584
9709918,324053618688
9715391,324053618688
9720879,324053618688
9726352,324053618688
9731914,324620337152
9737483,324389842944
9742967,323972550656
9748434,323972550656
9753907,323972550656
9759400,323972550656
9764966,324459114496
9770548,324421410816
9776045,324630278144
9781542,324630278144
9787023,324630278144
9792573,325108109312
9798107,325588307968
9803617,326425485312
9809158,326831591424
9814663,326831591424
9820130,326831591424
9825603,326888112128
9831177,326884241408
9836706,325952028672
9842191,326275088384
9847694,325942931456
9853179,325942931456
9858733,326564925440
9864306,326365368320
9869864,326146351104
9875323,326146351104
9880816,326146351104
9886285,326146351104
9891795,326146351104
9897276,326146351104
9902809,326276231168
9908346,326224162816
9913807,326224162816
9919275,326224162816
9924733,326224162816
9930277,326977814528
9935822,327130656768
9941320,327247314944
9946836,327247314944
9952334,327247314944
9957760,327247314944
9963300,327843540992
9968846,328592740352
9974396,328653660160
9979921,329054896128
9985439,328369078272
9990915,328369078272
9996414,329074003968
10001978,328819175424
10007533,328413462528
10013035,328139526144
10018497,328139526144
10023975,328139526144
10029518,329282306048
10035091,328511877120
10040596,328429940736
10046082,328429940736
10051542,328429940736
10057076,328206888960
10062637,327927627776
10068138,328050548736
10073632,328050548736
10079123,328050548736
10084636,328975740928
10090182,328867840000
10095690,328705089536
10101163,328486060032
10106653,328486060032
10112172,329155031040
10117750,329277116416
10123284,328555888640
10128794,328543838208
10134286,328543838208
10139856,329326473216
10145395,329326088192
10150949,329138745344
10156550,329212211200
10162025,329212211200
10167533,329212211200
10173096,329649668096
10178608,329255768064
10184148,329532502016
10189624,329532502016
10195105,329534267392
10200711,329471119360
10206238,329355427840
10211730,329928921088
10217233,330477875200
10222740,330481446912
10228290,330715353088
10233814,330022707200
10239300,330005532672
10244822,330005532672
10250266,330005532672
10255793,331061800960
10261352,331623854080
10266838,331739045888
10272332,331739045888
10277793,331739045888
10283307,332762730496
10288836,331262046208
10294313,331262046208
10299815,331262046208
10305282,331262046208
10310769,331329200128
10316345,331763191808
10321876,331525824512
10327335,331525824512
10332827,331525824512
10338310,331525824512
10343794,331593027584
10349406,332326289408
10354936,331762462720
10360399,331762462720
10365903,331762462720
10371419,332388450304
10376961,333089374208
10382524,333135499264
10388032,332891783168
10393532,332891783168
10399076,333699645440
10404675,332830736384
10410201,332441923584
10415670,332441923584
10421155,332441923584
10426658,332378554368
10432216,333304127488
10437784,333530963968
10443274,333239517184
10448775,333239517184
10454244,333239517184
10459753,333332353024
10465376,334094983168
10470922,333650317312
10476433,333799960576
10481944,333799960576
10487412,333799960576
10492945,334415863808
10498476,334883172352
10504012,334755217408
10509474,334835679232
10514965,334835679232
10520449,334835679232
10526046,335319474176
10531613,334728318976
10537113,334347866112
10542593,334347866112
10548093,334383767552
10553673,335178121216
10559225,334216081408
10564680,334216081408
10570182,334216081408
10575630,334216081408
10581159,335160315904
10586738,334674993152
10592269,334674845696
10597719,334674845696
10603236,334674845696
10608770,335780499456
10614260,336172892160
10619802,336541110272
10625365,337090121728
10630877,337083854848
10636476,337668075520
10642139,336812617728
10647624,336431681536
10653105,336431681536
10658570,336497086464
10664144,336497086464
10669867,336497086464
10675419,336632385536
10680915,336632385536
10686426,336632385536
10691913,336632385536
10697396,336632385536
10702881,336632385536
10708317,336632385536
10713770,336632385536
10719330,337452896256
10724843,336721784832
10730350,336487940096
10735859,336487940096
10741453,336487940096
10747175,266100609024
10752845,265465221120
10758546,265465221120
10764197,265465221120
10769903,265465221120
10775576,265465221120
10781209,265465221120
10786888,265465221120
10792582,265465221120
10798246,265465221120
10803906,265465221120
10809550,265290240000
10815252,265827188736
10820962,265500016640
10826658,265500016640
10832342,265500016640
10838026,265500016640
10843706,265500016640
10849384,265500016640
10855071,265500016640
10860687,265500016640
10866386,265500016640
10872077,265609515008
10877796,265404928000
10883492,265404928000
10889202,265404928000
10894883,265404928000
10900526,265404928000
10906231,265404928000
10911883,265404928000
10917536,265404928000
10923183,265404928000
10928906,265404928000
10934606,265404928000
10940343,265404928000
10946026,265404928000
10951766,265404928000
10957462,265404928000
10963114,265404928000
10968762,265404928000
10974516,265404928000
10980226,265404928000
10985920,265404928000
10991586,265404928000
10997259,265404928000
11002936,265404928000
11008592,265404928000
11014282,265404928000
11019976,265404928000
11025645,265404928000
11031345,265404928000
11037007,265404928000
11042698,265404928000
11048356,265404928000
11054046,265404928000
11059719,265404928000
11065395,265404928000
11071033,265404928000
11076676,265404928000
11082343,265404928000
11088006,265404928000
11093636,265404928000
11099300,265404928000
11104942,265404928000
11110584,265404928000
11116316,265404928000
11122026,265404928000
11127694,265404928000
11133404,265404928000
11139085,265404928000
11144746,265404928000
11150408,265404928000
11156108,265404928000
11161772,265404928000
11167443,265404928000
11173110,265404928000
11178860,265404928000
11184601,265404928000
11190274,265404928000
11195884,265404928000
11201549,265404928000
11207195,265404928000
11212858,265404928000
11218536,265404928000
11224196,265404928000
11229885,265404928000
11235598,265404928000
11241291,265404928000
11246990,265404928000
11252676,265404928000
11258343,265404928000
11263996,265404928000
11269726,265404928000
11275405,265404928000
11281095,265404928000
11286773,265404928000
11292486,265404928000
11298186,265404928000
11303853,265404928000
11309564,265404928000
11315256,265404928000
11320946,265404928000
11326644,265404928000
11332316,265404928000
11337986,265404928000
11343696,265404928000
11349338,265404928000
11355046,265404928000
11360716,265404928000
11366399,265404928000
11372111,265404928000
11377836,265404928000
11383516,265404928000
11389222,265404928000
11394857,265404928000
11400582,265404928000
11406254,265404928000
11411880,265404928000
11417566,265404928000
11423218,265404928000
11428898,265404928000
11434596,265404928000
11440293,265404928000
11445913,265404928000
11451592,265404928000
11457240,265404928000
11462940,265404928000
11468646,265404928000
11474294,265404928000
11479998,265404928000
11485679,265404928000
11491344,265404928000
11497021,265404928000
11502686,265404928000
11508356,265404928000
11514016,265404928000
11519696,265404928000
11525377,265404928000
11531076,265404928000
11536765,265404928000
11542496,265404928000
11548176,265404928000
11553866,265404928000
11559536,265404928000
11565186,265404928000
11570884,265404928000
11576586,265404928000
11582276,265404928000
11587926,265404928000
11593596,265404928000
11599231,265404928000
11604886,265404928000
11610496,265404928000
11616176,265404928000
11621886,265404928000
11627579,265404928000
11633206,265404928000
11638889,265404928000
11644539,265404928000
11650225,265404928000
11655949,265404928000
11661626,265404928000
11667328,265404928000
11672986,265404928000
11678717,265404928000
11684396,265404928000
11690063,265404928000
11695740,265404928000
11701406,265404928000
11707100,265404928000
11712809,265404928000
11718536,265404928000
11724250,265404928000
11729962,265404928000
11735616,265404928000
11741296,265404928000
11747002,265404928000
11752657,265404928000
11758302,265404928000
11763974,265404928000
11769648,265404928000
11775339,265404928000
11780973,265404928000
11786708,265404928000
11792366,265404928000
11798046,265404928000
11803716,265404928000
11809403,265404928000
11815076,265404928000
11820746,265404928000
11826439,265404928000
11832116,265404928000
11837786,265404928000
11843486,265404928000
11849168,265404928000
11854835,265404928000
11860523,265404928000
11866287,265404928000
11872051,265404928000
11877763,265404928000
11883471,265404928000
11889156,265404928000
11894876,265404928000
11900576,265404928000
11906289,265404928000
11911984,265404928000
11917676,265404928000
11923384,265404928000
11929036,265404928000
11934756,265404928000
11940426,265404928000
11946076,265404928000
11951740,265404928000
11957446,265404928000
11963165,265404928000
11968829,265404928000
11974526,265404928000
11980188,265404928000
11985861,265404928000
11991529,265404928000
11997216,265404928000
12002838,265404928000
12008546,265404928000
12014236,265404928000
12019926,265404928000
12025606,265404928000
12031284,265404928000
12036986,265404928000
12042627,265404928000
12048336,265404928000
12054006,265404928000
12059698,265404928000
12065386,265404928000
12071059,265404928000
12076751,265404928000
12082473,265404928000
12088176,265404928000
12093853,265404928000
12099476,265404928000
12105176,265404928000
12110815,265404928000
12116460,265404928000
12122130,265404928000
12127826,265404928000
12133549,265404928000
12139226,265404928000
12144926,265404928000
12150668,265404928000
12156327,265404928000
12162026,265404928000
12167689,265404928000
12173339,265404928000
12178996,265404928000
12184635,265404928000
12190374,265404928000
12196079,265404928000
12201776,265404928000
12207473,265404928000
12213131,265404928000
12218831,265404928000
12224464,265404928000
12230170,265404928000
12235862,265404928000
12241548,265404928000
12247236,265404928000
12252926,265404928000
12258628,265404928000
12264336,265404928000
12270045,265404928000
12275730,265404928000
12281416,265404928000
12287136,265404928000
12292834,265404928000
12298506,265404928000
12304235,265404928000
12309889,265404928000
12315576,265404928000
12321265,265404928000
12326903,265404928000
12332608,265404928000
12338311,265404928000
12344008,265404928000
12349666,265404928000
12355338,265404928000
12361010,265404928000
12366679,265404928000
12372356,265404928000
12377996,265404928000
12383666,265404928000
12389346,265404928000
12395033,265404928000
12400718,265404928000
12406406,265404928000
12412044,265404928000
12417766,265404928000
12423536,265404928000
12429200,265404928000
12434827,265404928000
12440471,265404928000
12446154,265404928000
12451803,265404928000
12457477,265404928000
12463146,265404928000
12468794,265404928000
12474526,265404928000
12480218,265404928000
12485876,265404928000
12491491,265404928000
12497176,265404928000
12502886,265404928000
12508558,265404928000
12514247,265404928000
12519926,265404928000
12525626,265404928000
12531294,265404928000
12537010,265404928000
12542680,265404928000
12548386,265404928000
12554093,265404928000
12559763,265404928000
12565405,265404928000
12571084,265404928000
12576768,265404928000
12582434,265404928000
12588166,265404928000
12593916,265404928000
12599631,265404928000
12605336,265404928000
12611045,265404928000
12616777,265404928000
12622467,265404928000
12628141,265404928000
12633843,265404928000
12639550,265404928000
12645242,265404928000
12650966,265404928000
12656658,265404928000
12662350,265404928000
12668085,265404928000
12673713,265404928000
12679389,265404928000
12685046,265404928000
12690767,265404928000
12696466,265404928000
12702116,265404928000
12707761,265404928000
12713476,265404928000
12719176,265404928000
12724846,265404928000
12730496,265404928000
12736111,265404928000
12741786,265404928000
12747466,265404928000
12753186,265404928000
12758873,265404928000
12764528,265404928000
12770217,265404928000
12775886,265404928000
12781586,265404928000
12787256,265404928000
12792934,265404928000
12798631,265404928000
12804280,265404928000
12809921,265404928000
12815584,265404928000
12821244,265404928000
12826896,265404928000
12832596,265404928000
12838257,265404928000
12843956,265404928000
12849698,265404928000
12855396,265404928000
12861080,265404928000
12866766,265404928000
12872413,265404928000
12878126,265404928000
12883806,265404928000
12889456,265404928000
12895154,265404928000
12900934,265404928000
12906653,265404928000
12912317,265404928000
12918056,265404928000
12923755,265404928000
12929413,265404928000
12935101,265404928000
12940814,265404928000
12946476,265404928000
12952176,265404928000
12957866,265404928000
12963596,265404928000
12969294,265404928000
12974995,265404928000
12980646,265404928000
12986332,265404928000
12992016,265404928000
12997676,265404928000
13003306,265404928000
13009016,265404928000
13014687,265404928000
13020355,265404928000
13026043,265404928000
13031745,265404928000
13037427,265404928000
13043076,265404928000
13048737,265404928000
13054414,265404928000
13060081,265404928000
13065782,265404928000
13071501,265404928000
13077203,265404928000
13082883,265404928000
13088536,265404928000
13094195,265404928000
13099876,265404928000
13105556,265404928000
13111272,265404928000
13116972,265404928000
13122690,265404928000
13128364,265404928000
13134036,265404928000
13139720,265404928000
13145397,265404928000
13151105,265404928000
13156756,265404928000
13162380,265404928000
13168038,265404928000
13173725,265404928000
13179381,265404928000
13185070,265404928000
13190730,265404928000
13196436,265404928000
13202106,265404928000
13207746,265404928000
13213436,265404928000
13219106,265404928000
13224809,265404928000
13230476,265404928000
13236159,265404928000
13241805,265404928000
13247511,265404928000
13253159,265404928000
13258805,265404928000
13264496,265404928000
13270152,265404928000
13275825,265404928000
13281476,265404928000
13287148,265404928000
13292832,265404928000
13298504,265404928000
13304159,265404928000
13309826,265404928000
13315536,265404928000
13321246,265404928000
13326926,265404928000
13332620,265404928000
13338326,265404928000
13343996,265404928000
13349726,265404928000
13355397,265404928000
13361049,265404928000
13366776,265404928000
13372449,265404928000
13378146,265404928000
13383849,265404928000
13389516,265404928000
13395138,265904562176
13400870,266226147328
13406496,265928056832
13412186,265928056832
13417932,265928056832
13423590,265928056832
13429266,265928056832
13434919,265928056832
13440588,265928056832
13446272,265928056832
13451961,265928056832
13457667,265587585024
13463355,265204363264
13469028,265204363264
13474665,265204363264
13480338,265204363264
13486015,265204363264
13491667,265204363264
13497375,265204363264
13503066,265204363264
13508808,265204363264
13514476,265204363264
13520186,265204363264
13525876,265204363264
13531511,265204363264
13537203,265204363264
13542852,265204363264
13548562,265204363264
13554211,265204363264
13559886,265204363264
13565559,265204363264
13571266,265204363264
13576936,265204363264
13582576,265204363264
13588252,265204363264
13593911,265204363264
13599595,265204363264
13605276,265204363264
13610985,265204363264
13616636,265204363264
13622308,265204363264
13628000,265204363264
13633722,265204363264
13639423,265204363264
13645090,265204363264
13650766,265204363264
13656456,265204363264
13662202,265204363264
13667879,265204363264
13673566,265204363264
13679206,265204363264
13684823,265204363264
13690474,265204363264
13696178,265204363264
13701822,265204363264
13707476,265204363264
13713136,265204363264
13718816,265204363264
13724496,265204363264
13730178,265204363264
13735866,265204363264
13741542,265204363264
13747243,265204363264
13752913,265204363264
13758566,265204363264
13764238,265204363264
13769926,265204363264
13775576,265204363264
13781271,265204363264
13786973,265204363264
13792675,265204363264
13798336,265204363264
13804036,265204363264
13809726,265204363264
13815386,265204363264
13821055,265204363264
13826726,265204363264
13832436,265204363264
13838176,265204363264
13843836,265204363264
13849575,265204363264
13855276,265204363264
13860966,265204363264
13866606,265204363264
13872300,265204363264
13877968,265204363264
13883646,265204363264
13889316,265204363264
13895005,265204363264
13900646,265204363264
13906317,265204363264
13912005,265204363264
13917675,265204363264
13923335,265204363264
13929016,265204363264
13934663,265493241856
13940387,265601138688
13946100,265900466176
13951811,265900466176
13957478,265900466176
13963136,265900466176
13968786,265900466176
13974470,265900466176
13980116,265900466176
13985795,265900466176
13991475,265900466176
13997159,265900466176
14002830,265900466176
14008504,265900466176
14014213,265900466176
14019880,265900466176
14025554,265900466176
14031226,265900466176
14036896,265900466176
14042626,265900466176
14048286,265900466176
14053995,265900466176
14059616,265900466176
14065336,265900466176
14071044,265900466176
14076721,265900466176
14082406,265900466176
14088094,265900466176
14093748,265900466176
14099446,265900466176
14105148,265900466176
14110852,265900466176
14116559,266375360512
14122262,266035048448
14127986,266035048448
14133706,266035048448
14139405,266035048448
14145076,266035048448
14150706,266035048448
14156394,266035048448
14162026,266035048448
14167666,266035048448
14173330,266035048448
14178982,266035048448
14184630,266035048448
14190306,266035048448
14195996,266035048448
14201666,266035048448
14207337,266035048448
14213020,266035048448
14218677,266035048448
14224336,266035048448
14230025,266035048448
14235741,266153553920
14241446,266171691008
14247064,265658331136
14252774,265658331136
14258467,265658331136
14264173,265658331136
14269886,265658331136
14275566,265658331136
14281256,265658331136
14286956,265658331136
14292614,265658331136
14298268,265658331136
14303920,265658331136
14309619,265658331136
14315306,265658331136
14320986,265658331136
14326684,265658331136
14332366,265658331136
14338016,265658331136
14343692,265658331136
14349387,265658331136
14355057,265658331136
14360719,265658331136
14366409,265658331136
14372086,265658331136
14377776,265658331136
14383456,265658331136
14389190,265658331136
14394866,265658331136
14400506,265658331136
14406186,265658331136
14411836,265658331136
14417526,265658331136
14423206,265658331136
14428896,265658331136
14434520,265658331136
14440236,265658331136
14445966,265658331136
14451629,265658331136
14457356,265658331136
14463033,265658331136
14468712,265658331136
14474376,265658331136
14480039,265658331136
14485706,265658331136
14491392,265658331136
14497044,265658331136
14502756,265658331136
14508431,265658331136
14514134,265658331136
14519779,265658331136
14525422,265658331136
14531117,265658331136
14536810,265658331136
14542496,265658331136
14548176,265658331136
14553850,265658331136
14559558,265658331136
14565226,265658331136
14570902,265658331136
14576586,265658331136
14582255,265658331136
14587895,265658331136
14593574,265658331136
14599246,265658331136
14604929,265658331136
14610626,265658331136
14616305,265658331136
14621971,265658331136
14627605,265658331136
14633263,265658331136
14638929,265658331136
14644628,265658331136
14650296,265658331136
14656028,265658703872
14661746,265203953664
14667361,265203953664
14673050,265203953664
14678716,265203953664
14684413,265203953664
14690094,265203953664
14695780,265203953664
14701450,265203953664
14707156,265203953664
14712844,265203953664
14718531,265697316864
14724223,265204510720
14729906,265204510720
14735579,265204510720
14741249,265204510720
14746997,265204510720
14752666,265204510720
14758306,265204510720
14764046,265204510720
14769714,265204510720
14775356,265204510720
14781019,265204510720
14786704,265204510720
14792446,265204510720
14798110,265204510720
14803806,265204510720
14809454,265204510720
14815179,265204510720
14820828,265204510720
14826543,265204510720
14832199,265204510720
14837896,265204510720
14843566,265204510720
14849236,265204510720
14854896,265204510720
14860536,265204510720
14866186,265204510720
14871816,265204510720
14877456,265204510720
14883206,265204510720
14888878,265204510720
14894576,265204510720
14900266,265204510720
14905946,265204510720
14911606,265204510720
14917316,265204510720
14922955,265204510720
14928606,265204510720
14934289,265204510720
14939872,265204510720
14945564,265204510720
14951238,265204510720
14956905,265204510720
14962605,265204510720
14968296,265204510720
14974007,265204510720
14979696,265204510720
14985328,265204510720
14991046,265204510720
14996780,265204510720
15002430,265204510720
15008136,265204510720
15013836,265204510720
15019511,265204510720
15025142,265204510720
15030822,265204510720
15036513,265204510720
15042236,265204510720
15047919,265204510720
15053592,265204510720
15059256,265204510720
15064926,265204510720
15070608,265204510720
15076265,265204510720
15081916,265204510720
15087578,265204510720
15093256,265204510720
15098956,265204510720
15104671,265204510720
15110358,265204510720
15116036,265204510720
15121716,265204510720
15127376,265204510720
15133016,265204510720
15138700,265204510720
15144386,265204510720
15150039,265204510720
15155726,265204510720
15161450,265204510720
15167145,265204510720
15172837,265204510720
15178508,265204510720
15184166,265204510720
15189858,265204510720
15195475,265204510720
15201126,265204510720
15206856,265204510720
15212536,265204510720
15218184,265204510720
15223891,265204510720
15229573,265204510720
15235239,265204510720
15240924,265204510720
15246599,265204510720
15252282,265204510720
15257960,265204510720
15263632,265204510720
15269306,265204510720
15274956,265204510720
15280625,265204510720
15286302,265204510720
15291976,265204510720
15297680,265204510720
15303396,265204510720
15309067,265204510720
15314706,265204510720
15320376,265204510720
15326090,265204510720
15331753,265204510720
15337480,265204510720
15343158,265204510720
15348806,265204510720
15354456,265204510720
15360121,265204510720
15365793,265204510720
15371416,265204510720
15377156,265204510720
15382888,265204510720
15388566,265204510720
15394244,265204510720
15399926,265204510720
15405549,265204510720
15411226,265204510720
15416928,265204510720
15422606,265204510720
15428274,265204510720
15433932,265204510720
15439576,265204510720
15445245,265204510720
15450966,265204510720
15456610,265204510720
15462305,265204510720
15467996,265204510720
15473672,265204510720
15479377,265204510720
15485043,265204510720
15490736,265204510720
15496366,265204510720
15502031,265204510720
15507684,265204510720
15513356,265204510720
15519013,265204510720
15524726,265204510720
15530406,265204510720
15536146,265204510720
15541826,265204510720
15547487,265204510720
15553169,265204510720
15558876,265204510720
15564566,265204510720
15570295,265204510720
15575994,265204510720
15581671,265204510720
15587331,265204510720
15593031,265204510720
15598786,265204510720
15604455,265204510720
15610126,265204510720
15615799,265204510720
15621426,265204510720
15627086,265204510720
15632706,265204510720
15638429,265204510720
15644116,265204510720
15649786,265204510720
15655517,265204510720
15661179,265204510720
15666876,265204510720
15672576,265204510720
15678256,265204510720
15683944,265204510720
15689589,265204510720
15695294,265204510720
15700951,265204510720
15706644,265204510720
15712284,265204510720
15717946,265204510720
15723626,265204510720
15729278,265204510720
15734936,265204510720
15740642,265204510720
15746365,265204510720
15752033,265204510720
15757709,265204510720
15763385,265204510720
15769049,265204510720
15774708,265204510720
15780370,265204510720
15786059,265204510720
15791731,265204510720
15797406,265204510720
15803076,265204510720
15808743,265204510720
15814406,265204510720
15820066,265204510720
15825784,265204510720
15831456,265204510720
15837117,265204510720
15842826,265204510720
15848506,265204510720
15854196,265204510720
15859876,265204510720
15865589,265204510720
15871266,265204510720
15876947,265204510720
15882643,265204510720
15888325,265204510720
15893959,265204510720
15899616,265204510720
15905282,265204510720
15910966,265204510720
15916644,265204510720
15922336,265204510720
15927956,265204510720
15933603,265204510720
15939321,265204510720
15944986,265204510720
15950696,265204510720
15956363,265204510720
15962019,265204510720
15967736,265204510720
15973446,265204510720
15979146,265204510720
15984846,265204510720
15990505,265204510720
15996216,265204510720
16001919,265204510720
16007547,265204510720
16013239,265204510720
16018876,265204510720
16024555,265204510720
16030267,265204510720
16035943,265204510720
16041593,265204510720
16047294,265204510720
16052956,265204510720
16058620,265204510720
16064306,265204510720
16069996,265204510720
16075626,265204510720
16081306,265204510720
16086979,265204510720
16092698,265204510720
16098396,265204510720
16104046,265204510720
16109698,265204510720
16115348,265204510720
16121014,265204510720
16126676,265204510720
16132356,265204510720
16138028,265204510720
16143684,265204510720
16149357,265204510720
16155006,265204510720
16160717,265643016192
16166366,265250062336
16172093,265250062336
16177746,265250062336
16183451,265250062336
16189166,265250062336
16194821,265250062336
16200536,265250062336
16206248,265250062336
16211896,265250062336
16217566,265250062336
16223246,265250062336
16228906,265250062336
16234562,265250062336
16240263,265250062336
16245966,265250062336
16251664,265250062336
16257371,265250062336
16263056,265250062336
16268776,265250062336
16274435,265250062336
16280145,265250062336
16285851,265250062336
16291535,265250062336
16297226,265250062336
16302886,265250062336
16308650,265250062336
16314356,265250062336
16319956,265250062336
16325667,265250062336
16331333,265250062336
16337035,265250062336
16342696,265250062336
16348367,265250062336
16354018,265250062336
16359658,265250062336
16365327,265250062336
16370991,265250062336
16376664,265250062336
16382361,265250062336
16388014,265250062336
16393676,265250062336
16399326,265250062336
16405004,265250062336
16410676,265250062336
16416338,265250062336
16422016,265250062336
16427672,265250062336
16433287,265250062336
16438946,265250062336
16444620,265250062336
16450276,265250062336
16455955,265250062336
16461646,265899114496
16467356,265627029504
16473039,265627029504
16478726,265627029504
16484426,265627029504
16490096,265627029504
16495756,265627029504
16501424,265627029504
16507156,265627029504
16512819,265627029504
16518513,265627029504
16524186,265627029504
16529836,265627029504
16535548,265627029504
16541236,265627029504
16546906,265627029504
16552573,265627029504
16558231,265627029504
16563927,265627029504
16569571,265627029504
16575238,265627029504
16580908,265627029504
16586565,265627029504
16592256,265627029504
16597929,265627029504
16603566,265627029504
16609246,265627029504
16614926,265627029504
16620586,265627029504
16626256,265627029504
16631956,265627029504
16637576,265627029504
16643270,265627029504
16648905,265627029504
16654578,265627029504
16660266,265627029504
16665920,265627029504
16671616,265627029504
16677299,265627029504
16682956,265627029504
16688596,265627029504
16694266,265627029504
16699956,265627029504
16705578,265627029504
16711276,265627029504
16716926,265627029504
16722579,265627029504
16728253,265627029504
16733927,265627029504
16739566,265627029504
16745213,265627029504
16750920,265627029504
16756557,265627029504
16762243,265627029504
16767913,265627029504
16773544,265627029504
16779276,265627029504
16784974,265627029504
16790643,265627029504
16796309,265627029504
16801976,265627029504
16807668,265627029504
16813313,265627029504
16818976,265627029504
16824608,265627029504
16830266,265627029504
16835956,265627029504
16841626,265627029504
16847265,265627029504
16852916,265627029504
16858620,265627029504
16864324,265627029504
16869988,265627029504
16875636,265627029504
16881309,265927446528
16887008,266333847552
16892678,266229223424
16898300,266229223424
16903940,266229223424
16909625,266229223424
16915318,266229223424
16921009,266229223424
16926676,266229223424
16932331,266229223424
16937999,266229223424
16943656,266229223424
16949302,266229223424
16954958,266229223424
16960648,266229223424
16966316,266229223424
16971986,266229223424
16977696,266229223424
16983336,266229223424
16988992,266229223424
16994658,266229223424
17000307,266229223424
17005976,266229223424
17011696,266229223424
17017358,266229223424
17023046,266229223424
17028716,266229223424
17034426,266229223424
17040105,266229223424
17045810,266229223424
17051461,266229223424
17057151,266229223424
17062896,266229223424
17068576,266229223424
17074256,266229223424
17079936,266229223424
17085589,266229223424
17091260,266229223424
17096950,266229223424
17102635,266229223424
17108284,266229223424
17113923,266229223424
17119576,266229223424
17125292,266229223424
17130946,266229223424
17136649,266229223424
17142318,266229223424
17147986,266229223424
17153647,266229223424
17159336,266229223424
17164964,266229223424
17170616,266229223424
17176284,266229223424
17182016,266229223424
17187715,266229223424
17193354,266229223424
17199046,266229223424
17204726,266229223424
17210395,266229223424
17216116,266229223424
17221765,266229223424
17227387,266229223424
17233044,266229223424
17238670,266229223424
17244368,266229223424
17250042,266229223424
17255726,266229223424
17261403,266229223424
17267040,266229223424
17272694,266229223424
17278338,266229223424
17284046,266229223424
17289702,266229223424
17295366,266229223424
17301056,266229223424
17306726,266229223424
17312444,266229223424
17318106,266229223424
17323735,266229223424
17329416,266229223424
17335131,266229223424
17340766,266229223424
17346387,266229223424
17352059,266229223424
17357763,266229223424
17363443,266229223424
17369146,266229223424
17374807,266229223424
17380466,266229223424
17386116,266229223424
17391826,266229223424
17397506,266229223424
17403166,266229223424
17408856,266229223424
17414493,266229223424
17420152,266229223424
17425835,266229223424
17431536,266229223424
17437196,266229223424
17442868,266229223424
17448565,266229223424
17454256,266229223424
17459921,266229223424
17465615,266229223424
17471278,266229223424
17476952,266229223424
17482626,266229223424
17488346,266229223424
17493996,266229223424
17499686,266229223424
17505376,266229223424
17511029,266229223424
17516715,266229223424
17522366,266229223424
17528034,266229223424
17533719,266229223424
17539366,266229223424
17545046,266229223424
17550700,266229223424
17556366,266229223424
17561988,266229223424
17567632,266229223424
17573356,266229223424
17579076,266229223424
17584756,266229223424
17590406,266229223424
17596075,266229223424
17601763,266229223424
17607466,266229223424
17613106,266229223424
17618776,266229223424
17624419,266229223424
17630067,266229223424
17635783,266229223424
17641458,266229223424
17647136,266229223424
17652816,266229223424
17658502,266229223424
17664221,266617294848
17669957,265472692224
17675646,265472692224
17681314,265472692224
17687030,265472692224
17692705,265472692224
17698369,265472692224
17704046,265472692224
17709697,265472692224
17715366,265472692224
17720996,265472692224
17726626,265472692224
17732292,265472692224
17737951,265472692224
17743622,265472692224
17749274,265472692224
17754956,265472692224
17760636,265472692224
17766307,265472692224
17771940,265472692224
17777607,265472692224
17783286,265472692224
17788936,265472692224
17794610,265472692224
17800306,265472692224
17805966,265472692224
17811616,265472692224
17817267,265472692224
17822947,265472692224
17828586,265472692224
17834215,265472692224
17839920,265472692224
17845576,265472692224
17851206,265472692224
17856896,265472692224
17862557,265472692224
17868230,265472692224
17873906,265472692224
17879541,265472692224
17885219,265472692224
17890886,265472692224
17896596,265472692224
17902273,265472692224
17907914,265472692224
17913543,265472692224
17919216,265472692224
17924906,265472692224
17930606,265472692224
17936235,265472692224
17941877,265472692224
17947586,265472692224
17953256,265472692224
17958916,265472692224
17964633,265472692224
17970327,265472692224
17975996,265472692224
17981664,265472692224
17987316,265472692224
17992986,265472692224
17998666,265472692224
18004354,265472692224
18010026,265472692224
18015625,265472692224
18021306,265472692224
18026982,265472692224
18032626,265472692224
18038265,265472692224
18043935,265472692224
18049630,265472692224
18055294,265472692224
18060969,265472692224
18066620,265472692224
18072305,265472692224
18078014,265472692224
18083689,265860165632
18089399,265671315456
18095120,265671315456
18100798,265671315456
18106456,265671315456
18112125,265671315456
18117784,265671315456
18123435,265671315456
18129126,265671315456
18134836,265671315456
18140497,265671315456
18146181,265671315456
18151886,265671315456
18157544,265671315456
18163225,265671315456
18168859,265671315456
18174510,265671315456
18180190,265671315456
18185876,265671315456
18191566,265671315456
18197246,265671315456
18202946,265675837440
18208636,265219653632
18214316,265219653632
18219896,265219653632
18225558,265219653632
18231227,265219653632
18236906,265219653632
18242616,265219653632
18248296,265219653632
18253955,265219653632
18259621,265219653632
18265300,265574088704
18270966,265223307264
18276624,265223307264
18282263,265223307264
18287970,265223307264
18293666,265223307264
18299336,265223307264
18305013,265223307264
18310726,265223307264
18316394,265223307264
18322016,265223307264
18327671,265223307264
18333326,265223307264
18338999,265223307264
18344658,265223307264
18350375,265223307264
18356033,265223307264
18361716,265223307264
18367376,265223307264
18373036,265223307264
18378655,265223307264
18384366,265223307264
18390015,265223307264
18395736,265223307264
18401395,265223307264
18407096,265223307264
18412766,265223307264
18418430,265223307264
18424147,265223307264
18429860,265223307264
18435566,265223307264
18441261,265223307264
18446963,265357189120
18452614,265235275776
18458337,265235275776
18464046,265235275776
18469746,265235275776
18475446,265235275776
18481096,265235275776
18486776,265235275776
18492473,265235275776
18498146,265235275776
18503786,265235275776
18509471,265235275776
18515156,265235275776
18520866,265235275776
18526556,265235275776
18532236,265235275776
18537886,265235275776
18543616,265235275776
18549326,265235275776
18555015,265235275776
18560716,265235275776
18566406,265235275776
18572121,265235275776
18577766,265235275776
18583466,265235275776
18589154,265235275776
18594866,265235275776
18600565,265235275776
18606237,265235275776
18611906,265235275776
18617596,265235275776
18623284,265235275776
18628917,265235275776
18634556,265235275776
18640246,265235275776
18645916,265235275776
18651594,265235275776
18657296,265235275776
18662946,265235275776
18668586,265235275776
18674262,265235275776
18679966,265235275776
18685636,265235275776
18691326,265235275776
18697016,265235275776
18702686,265235275776
18708366,265235275776
18714057,265235275776
18719756,265235275776
18725403,265235275776
18731079,265235275776
18736766,265235275776
18742458,265235275776
18748154,265235275776
18753826,265235275776
18759502,265235275776
18765186,265235275776
18770905,265235275776
18776564,265235275776
18782231,265235275776
18787881,265235275776
18793537,265235275776
18799179,265235275776
18804816,265235275776
18810516,265235275776
18816236,265235275776
18821928,265235275776
18827606,265235275776
18833278,265235275776
18838920,265235275776
18844568,265235275776
18850263,265235275776
18855928,265235275776
18861571,265235275776
18867216,265235275776
18872917,265235275776
18878617,265235275776
18884269,265235275776
18889926,265235275776
18895646,265235275776
18901278,265235275776
18906996,265235275776
18912669,265235275776
18918369,265235275776
18924001,265235275776
18929666,265235275776
18935332,265235275776
18941026,265235275776
18946716,265235275776
18952448,265235275776
18958126,265235275776
18963816,265235275776
18969506,265235275776
18975164,265235275776
18980856,265235275776
18986533,265591132160
18992246,265218633728
18997883,265218633728
19003546,265218633728
19009296,265218633728
19014945,265218633728
19020596,265218633728
19026298,265218633728
19032008,265218633728
19037716,265218633728
19043400,265218633728
19049086,265218633728
19054796,265218633728
19060496,265218633728
19066201,265218633728
19071874,265218633728
19077556,265218633728
19083256,265218633728
19089026,265218633728
19094676,265218633728
19100343,265218633728
19106046,265218633728
19111756,265218633728
19117361,265218633728
19123036,265218633728
19128726,265218633728
19134356,265218633728
19140086,265218633728
19145699,265218633728
19151395,265218633728
19157049,265218633728
19162706,265218633728
19168341,265218633728
19174016,265218633728
19179715,265218633728
19185393,265218633728
19191096,265218633728
19196816,265218633728
19202470,265218633728
19208136,265218633728
19213776,265218633728
19219436,265218633728
19225143,265218633728
19230786,265218633728
19236496,265218633728
19242138,265218633728
19247846,265218633728
19253494,265218633728
19259166,265218633728
19264816,265218633728
19270496,265218633728
19276185,265218633728
19281894,265218633728
19287577,265218633728
19293277,265218633728
19298938,265218633728
19304626,265218633728
19310277,265218633728
19315946,265218633728
19321549,265218633728
19327239,265218633728
19332915,265218633728
19338604,265218633728
19344272,265218633728
19349987,265558024192
19355676,265206947840
19361319,265206947840
19366983,265206947840
19372652,265206947840
19378280,265206947840
19383983,265206947840
19389676,265206947840
19395316,265206947840
19400949,265206947840
19406626,265206947840
19412346,265206947840
19418034,265206947840
19423693,265206947840
19429366,265206947840
19435066,265206947840
19440736,265206947840
19446432,265206947840
19452116,265206947840
19457826,265206947840
19463496,265206947840
19469184,265206947840
19474884,265206947840
19480577,265206947840
19486226,265206947840
19491904,265206947840
19497577,265206947840
19503276,265206947840
19508946,265206947840
19514630,265206947840
19520286,265206947840
19525963,265206947840
19531640,265206947840
19537326,265206947840
19543016,265206947840
19548706,265206947840
19554368,265206947840
19560037,265206947840
19565696,265206947840
19571373,265206947840
19577068,265206947840
19582768,265206947840
19588476,265206947840
19594096,265206947840
19599794,265206947840
19605478,265206947840
19611146,265206947840
19616826,265206947840
19622489,265206947840
19628226,265206947840
19633876,265206947840
19639525,265206947840
19645186,265206947840
19650870,265206947840
19656565,265206947840
19662282,265206947840
19667933,265206947840
19673675,265206947840
19679323,265206947840
19684996,265206947840
19690666,265206947840
19696386,265206947840
19702028,265206947840
19707686,265206947840
19713366,265206947840
19719096,265206947840
19724812,265206947840
19730516,265206947840
19736204,265206947840
19741888,265206947840
19747574,265206947840
19753256,265206947840
19758926,265206947840
19764586,265206947840
19770300,265206947840
19775958,265206947840
19781586,265206947840
19787241,265206947840
19792886,265206947840
19798564,265206947840
19804276,265206947840
19809906,265206947840
19815587,265206947840
19821246,265206947840
19826919,265206947840
19832566,265206947840
19838226,265206947840
19843904,265206947840
19849586,265206947840
19855266,265206947840
19860970,265206947840
19866671,265206947840
19872267,265206947840
19877935,265206947840
19883591,265206947840
19889218,265206947840
19894878,265206947840
19900546,265206947840
19906225,265206947840
19911931,265206947840
19917666,265206947840
19923331,265206947840
19928997,265206947840
19934647,265206947840
19940330,265206947840
19945999,265206947840
19951716,265206947840
19957395,265206947840
19963046,265206947840
19968761,265206947840
19974499,265206947840
19980207,265206947840
19985906,265206947840
19991597,265206947840
19997284,265206947840
20002966,265206947840
20008707,265206947840
20014416,265206947840
20020059,265206947840
20025736,265206947840
20031386,265206947840
20037066,265206947840
20042796,265206947840
20048418,265206947840
20054070,265206947840
20059734,265206947840
20065403,265206947840
20071096,265206947840
20076828,265206947840
20082477,265206947840
20088146,265206947840
20093819,265206947840
20099480,265206947840
20105166,265206947840
20110836,265206947840
20116544,265206947840
20122226,265206947840
20127874,265206947840
20133535,265206947840
20139173,265206947840
20144856,265206947840
20150541,265206947840
20156226,265206947840
20161923,265206947840
20167596,265206947840
20173286,265206947840
20178929,265206947840
20184604,265206947840
20190262,265206947840
20195966,265206947840
20201669,265206947840
20207346,265206947840
20212995,265206947840
20218679,265206947840
20224386,265206947840
20230106,265206947840
20235773,265206947840
20241468,265206947840
20247153,265206947840
20252846,265206947840
20258550,265206947840
20264217,265206947840
20269917,265206947840
20275606,265206947840
20281266,265206947840
20286904,265206947840
20292575,265206947840
20298245,265206947840
20303895,265206947840
20309566,265206947840
20315256,265206947840
20320936,265206947840
20326558,265206947840
20332247,265206947840
20337916,265206947840
20343596,265206947840
20349237,265206947840
20354919,265206947840
20360606,265206947840
20366296,265206947840
20371979,265206947840
20377606,265206947840
20383255,265206947840
20388917,265206947840
20394605,265206947840
20400216,265206947840
20405918,265206947840
20411556,265206947840
20417183,265206947840
20422846,265206947840
20428502,265206947840
20434178,265206947840
20439903,265206947840
20445540,265206947840
20451196,265206947840
20456886,265206947840
20462546,265206947840
20468226,265206947840
20473916,265206947840
20479596,265206947840
20485247,265206947840
20490966,265206947840
20496626,265206947840
20502326,265206947840
20508008,265206947840
20513650,265206947840
20519337,265206947840
20525002,265206947840
20530689,265206947840
20536379,265206947840
20542054,265206947840
20547700,265206947840
20553410,265206947840
20559106,265206947840
20564746,265206947840
20570416,265206947840
20576114,265206947840
20581787,265206947840
20587456,265206947840
20593129,265206947840
20598796,265206947840
20604466,265206947840
20610157,265206947840
20615789,265206947840
20621476,265206947840
20627166,265206947840
20632886,265206947840
20638553,265206947840
20644246,265206947840
20649927,265206947840
20655622,265206947840
20661303,265206947840
20666966,265206947840
20672666,265206947840
20678380,265206947840
20684066,265206947840
20689753,265206947840
20695416,265206947840
20701116,265206947840
20706753,265206947840
20712396,265206947840
20718076,265206947840
20723756,265206947840
20729496,265206947840
20735186,265206947840
20740888,265206947840
20746504,265206947840
20752156,265206947840
20757806,265206947840
20763469,265206947840
20769186,265206947840
20774885,265206947840
20780523,265206947840
20786176,265206947840
20791854,265206947840
20797513,265206947840
20803178,265206947840
20808828,265206947840
20814482,265206947840
20820136,265206947840
20825819,265206947840
20831477,265206947840
20837146,265206947840
20842829,265206947840
20848486,265206947840
20854138,265206947840
20859806,265206947840
20865455,265206947840
20871156,265206947840
20876796,265206947840
20882446,265206947840
20888138,265206947840
20893856,265206947840
20899526,265206947840
20905218,265206947840
20910923,265206947840
20916626,265206947840
20922298,265206947840
20927990,265206947840
20933666,265206947840
20939346,265206947840
20944991,265206947840
20950646,265206947840
20956334,265206947840
20962016,265206947840
20967734,265206947840
20973446,265206947840
20979139,265206947840
20984836,265206947840
20990486,265206947840
20996155,265206947840
21001819,265206947840
21007482,265206947840
21013184,265206947840
21018855,265206947840
21024513,265206947840
21030215,265206947840
21035895,265206947840
21041578,265206947840
21047226,265206947840
21052899,265206947840
21058600,265206947840
21064293,265206947840
21069960,265206947840
21075656,265206947840
21081315,265206947840
21086972,265206947840
21092696,265206947840
21098346,265206947840
21104001,265206947840
21109636,265206947840
21115318,265206947840
21120989,265206947840
21126642,265206947840
21132296,265206947840
21137971,265206947840
21143641,265206947840
21149300,265509584896
21154956,265203503104
21160641,265203503104
21166336,265203503104
21172026,265203503104
21177692,265203503104
21183370,265203503104
21189010,265203503104
21194661,265203503104
21200355,265203503104
21206016,265203503104
21211688,265203503104
21217296,265203503104
21222956,265203503104
21228626,265203503104
21234296,265203503104
21239975,265203503104
21245637,265203503104
21251298,265203503104
21256956,265203503104
21262612,265203503104
21268317,265203503104
21273953,265199566848
21279666,265199566848
21285336,265199566848
21291006,265199566848
21296733,265199566848
21302411,265199566848
21308086,265199566848
21313689,265199566848
21319386,265199566848
21325055,265199566848
21330690,265459093504
21336371,265186340864
21342042,265186340864
21347736,265186340864
21353404,265186340864
21359036,265186340864
21364715,265186340864
21370400,265186340864
21376066,265186340864
21381794,265186340864
21387444,265186340864
21393105,265186340864
21398786,265186340864
21404446,265186340864
21410086,265186340864
21415787,265186340864
21421457,265186340864
21427123,265186340864
21432806,265186340864
21438475,265186340864
21444162,265186340864
21449810,265186340864
21455482,265186340864
21461185,265186340864
21466891,265186340864
21472566,265186340864
21478206,265186340864
21483856,265186340864
21489550,265186340864
21495257,265186340864
21500902,265186340864
21506581,265186340864
21512256,265186340864
21517891,265186340864
21523547,265186340864
21529209,265186340864
21534926,265186340864
21540543,265186340864
21546233,265186340864
21551903,265186340864
21557564,265186340864
21563256,265186340864
21568930,265186340864
21574572,265186340864
21580239,265186340864
21585915,265186340864
21591549,265186340864
21597216,265186340864
21602886,265186340864
21608561,265186340864
21614243,265186340864
21619916,265186340864
21625566,265186340864
21631246,265186340864
21636907,265186340864
21642575,265186340864
21648246,265186340864
21653970,265186340864
21659666,265186340864
21665327,265186340864
21671041,265186340864
21676696,265186340864
21682400,265186340864
21688103,265186340864
21693775,265186340864
21699470,265186340864
21705116,265186340864
21710820,265186340864
21716516,265186340864
21722216,265186340864
21727883,265186340864
21733575,265186340864
21739276,265186340864
21744956,265186340864
21750626,265186340864
21756286,265186340864
21761936,265186340864
21767625,265186340864
21773274,265186340864
21778963,265186340864
21784653,265186340864
21790320,265186340864
21796003,265186340864
21801720,265186340864
21807435,265186340864
21813126,265186340864
21818786,265186340864
21824476,265186340864
21830128,265186340864
21835806,265186340864
21841469,265186340864
21847126,265186340864
21852825,265186340864
21858468,265186340864
21864116,265186340864
21869769,265186340864
21875428,265186340864
21881086,265186340864
21886786,265186340864
21892466,265186340864
21898116,265186340864
21903806,265186340864
21909496,265186340864
21915175,265186340864
21920870,265186340864
21926536,265186340864
21932206,265186340864
21937856,265186340864
21943564,265186340864
21949206,265186340864
21954896,265186340864
21960573,265186340864
21966221,265186340864
21971837,265186340864
21977506,265186340864
21983166,265186340864
21988858,265186340864
21994516,265186340864
22000229,265186340864
22005898,265186340864
22011598,265186340864
22017306,265186340864
22022966,265186340864
22028614,265186340864
22034309,265186340864
22040032,265186340864
22045684,265186340864
22051346,265186340864
22057016,265186340864
22062696,265186340864
22068366,265186340864
22074046,265186340864
22079716,265186340864
22085361,265186340864
22091056,265186340864
22096734,265186340864
22102453,265186340864
22108150,265186340864
22113806,265186340864
22119476,265186340864
22125143,265186340864
22130784,265186340864
22136426,265186340864
22142076,265186340864
22147736,265186340864
22153430,265186340864
22159106,265186340864
22164816,265186340864
22170470,265186340864
22176151,265186340864
22181846,265186340864
22187502,265186340864
22193186,265186340864
22198893,265186340864
22204563,265186340864
22210256,265186340864
22215946,265186340864
22221656,265186340864
22227296,265186340864
22232967,265594454016
22238646,265190174720
22244407,265190174720
22250076,265190174720
22255750,265190174720
22261484,265190174720
22267150,265190174720
22272839,265190174720
22278543,265190174720
22284227,265190174720
22289925,265190174720
22295576,265190174720
22301250,265190174720
22306921,265190174720
22312568,265190174720
22318306,265190174720
22324006,265190174720
22329669,265190174720
22335316,265190174720
22340991,265190174720
22346689,265190174720
22352391,265190174720
22358060,265190174720
22363739,265190174720
22369426,265190174720
22375126,265190174720
22380810,265190174720
22386516,265190174720
22392184,265190174720
22397864,265190174720
22403579,265190174720
22409262,265190174720
22414951,265190174720
22420656,265190174720
22426334,265190174720
22432036,265190174720
22437695,265190174720
22443364,265190174720
22449010,265190174720
22454616,265190174720
22460256,265190174720
22465936,265190174720
22471568,265190174720
22477246,265190174720
22482838,265190174720
22488492,265190174720
22494129,265190174720
22499788,265190174720
22505432,265190174720
22511085,265190174720
22516787,265190174720
22522486,265190174720
22528146,265190174720
22533811,265190174720
22539486,265190174720
22545199,265190174720
22550863,265190174720
22556545,265190174720
22562246,265190174720
22567936,265190174720
22573572,265190174720
22579246,265190174720
22584942,265190174720
22590666,265190174720
22596311,265190174720
22601966,265190174720
22607609,265190174720
22613224,265190174720
22618900,265190174720
22624536,265190174720
22630200,265190174720
22635858,265190174720
22641496,265190174720
22647166,265190174720
22652818,265190174720
22658506,265190174720
22664207,265190174720
22669876,265190174720
22675544,265190174720
22681216,265190174720
22686886,265190174720
22692526,265190174720
22698211,265190174720
22703846,265190174720
22709512,265190174720
22715182,265190174720
22720866,265190174720
22726566,265190174720
22732224,265190174720
22737856,265190174720
22743531,265190174720
22749206,265190174720
22754886,265190174720
22760556,265190174720
22766233,265190174720
22771934,265190174720
22777624,265190174720
22783366,265190174720
22789095,265190174720
22794746,265190174720
22800405,265190174720
22806044,265190174720
22811736,265190174720
22817405,265190174720
22823076,265190174720
22828724,265190174720
22834456,265190174720
22840146,265190174720
22845825,265190174720
22851460,265190174720
22857116,265190174720
22862780,265190174720
22868419,265190174720
22874056,265190174720
22879711,265190174720
22885380,265190174720
22891066,265190174720
22896717,265190174720
22902415,265190174720
22908068,265190174720
22913756,265190174720
22919483,265190174720
22925162,265190174720
22930846,265190174720
22936544,265190174720
22942216,265190174720
22947897,265190174720
22953534,265190174720
22959206,265190174720
22964866,265190174720
22970529,265190174720
22976170,265190174720
22981796,265190174720
22987446,265190174720
22993089,265190174720
22998766,265190174720
23004396,265190174720
23010064,265190174720
23015726,265190174720
23021440,265190174720
23027112,265190174720
23032806,265190174720
23038503,265190174720
23044187,265190174720
23049816,265190174720
23055476,265190174720
23061169,265190174720
23066867,265190174720
23072566,265190174720
23078251,265190174720
23083938,265190174720
23089608,265190174720
23095258,265190174720
23100933,265190174720
23106596,265190174720
23112236,265190174720
23117900,265190174720
23123596,265190174720
23129206,265190174720
23134859,265459978240
23140516,265186250752
23146226,265186250752
23151890,265186250752
23157546,265186250752
23163246,265186250752
23168958,265186250752
23174623,265186250752
23180316,265186250752
23185801,265186250752
23191333,265186250752
23196834,265186250752
23202335,265186250752
23207846,265186250752
23213343,265186250752
23218846,265186250752
23224340,265186250752
23229845,265186250752
23235370,265186250752
23240853,265186250752
23246364,265186250752
23251869,265186250752
23257389,265186250752
23262909,265186250752
23268395,265186250752
23273885,265186250752
23279373,265186250752
23284885,265186250752
23290391,265186250752
23295865,265186250752
23301354,265186250752
23306845,265186250752
23312340,265186250752
23317821,265186250752
23323293,265186250752
23328784,265186250752
23334278,265186250752
23339794,265186250752
23345275,265186250752
23350770,265186250752
23356259,265186250752
23361752,265186250752
23367270,265186250752
23372753,265186250752
23378268,265186250752
23383791,265186250752
23389321,265186250752
23394828,265186250752
23400344,265186250752
23405825,265186250752
